{
  "N16": {
    "precond_name": "NN-Condition",
    "N": 16,
    "num_samples": 50,
    "cold_iters_mean": 40.6,
    "cold_iters_std": 1.0583005244258363,
    "precond_iters_mean": 1000.0,
    "precond_iters_std": 0.0,
    "iteration_reduction": -23.63054187192118,
    "cold_time_mean": 0.0003195440000308736,
    "precond_time_mean": 2.05695057799996,
    "speedup": 0.0001553484091686717,
    "mean_error": 0.0145131284512031,
    "max_error": 0.027902937319548154
  },
  "N32": {
    "precond_name": "NN-Condition",
    "N": 32,
    "num_samples": 50,
    "cold_iters_mean": 80.58,
    "cold_iters_std": 1.9296631830451654,
    "precond_iters_mean": 1000.0,
    "precond_iters_std": 0.0,
    "iteration_reduction": -11.410027302060065,
    "cold_time_mean": 0.000865006000003632,
    "precond_time_mean": 2.1307545440000286,
    "speedup": 0.00040596229276590966,
    "mean_error": 0.004095418057760985,
    "max_error": 0.013576230599998962
  },
  "N64": {
    "precond_name": "NN-Condition",
    "N": 64,
    "num_samples": 50,
    "cold_iters_mean": 161.48,
    "cold_iters_std": 4.167685208841954,
    "precond_iters_mean": 1000.0,
    "precond_iters_std": 0.0,
    "iteration_reduction": -5.19271736437949,
    "cold_time_mean": 0.004750662000005832,
    "precond_time_mean": 2.3249677339999653,
    "speedup": 0.0020433238408141723,
    "mean_error": 0.005707118557811332,
    "max_error": 0.011025808565025124
  }
}