{"D:\\m34\\PROJECT\\M34Project\\experiments\\..\\data\\processed\\precond_N16_50sys_50iters_seed42": {"res_mean": 0.0, "res_std": 0.004633173101971149, "err_mean": 0.0, "err_std": 0.024038170219788553}}