{"train_loss": [0.19285402807872742, 0.11847336799837649, 0.11955989678972401, 0.14444470286252908, 0.11215560536948033, 0.10911550297169015, 0.11131303664296865, 0.10672043012164067, 0.09974433245952241, 0.10824717028299347, 0.1260251359490212, 0.10077279599499889, 0.14606320185703225, 0.08119593826995697, 0.08990538460784592, 0.1045193655154435, 0.09873020944360178, 0.06831397095811553, 0.07540278513624799, 0.08094200458435807, 0.07716444502875675, 0.04895792565366719, 0.07140083276317455, 0.05824237538035959, 0.06408130249474198, 0.03975018078926951, 0.04397230727772694, 0.05794500806950964, 0.041837693213892635, 0.05002087894536089, 0.031253564899088815, 0.03839543768845033, 0.058331767679192126, 0.05675747321220115, 0.045052647867123596, 0.04896905297937337, 0.04365573011455126, 0.04756226492463611, 0.04801838660205249, 0.04014007933437824, 0.035571929009165615, 0.03040174362831749, 0.046198232856113464, 0.04288238009030465], "val_loss": [0.22137730848044157, 0.014788319589570165, 0.013215871760621667, 0.016315651475451887, 0.2515718415379524, 0.012349470634944737, 0.006366768619045615, 0.08243471011519432, 0.02874792437069118, 0.16932849865406752, 0.11157214501872659, 0.11826485209167004, 0.33097828179597855, 0.00622699101222679, 0.023538347450084984, 0.047900462755933404, 0.034194340696558356, 0.018318775575608015, 0.049807847710326314, 0.04347855853848159, 0.04064834874588996, 0.010485944629181176, 0.009339116979390383, 0.03530279756523669, 0.006956452794838697, 0.007010864734183997, 0.023565545678138733, 0.017537482490297407, 0.04958221735432744, 0.014436380995903164, 0.018566958606243134, 0.006760288786608726, 0.009773592581041157, 0.013562285748776048, 0.01787752448581159, 0.010408976930193603, 0.0316484848735854, 0.015149874438066036, 0.019284178037196398, 0.021884415298700333, 0.021583173656836152, 0.01672746700933203, 0.016095203289296478, 0.022259849356487393], "lr": [0.001, 0.001, 0.001, 0.001, 0.001, 0.001, 0.001, 0.001, 0.001, 0.001, 0.001, 0.001, 0.001, 0.0005, 0.0005, 0.0005, 0.0005, 0.0005, 0.0005, 0.0005, 0.00025, 0.00025, 0.00025, 0.00025, 0.00025, 0.00025, 0.000125, 0.000125, 0.000125, 0.000125, 0.000125, 0.000125, 6.25e-05, 6.25e-05, 6.25e-05, 6.25e-05, 6.25e-05, 6.25e-05, 3.125e-05, 3.125e-05, 3.125e-05, 3.125e-05, 3.125e-05, 3.125e-05]}