{
  "N": 32,
  "dim": 2,
  "epochs": 50,
  "steps": 100,
  "lr": 0.0003,
  "is_scratch": false,
  "probes": 64,
  "best_loss": 0.110607068836689,
  "training_time_s": 118.44092607498169,
  "prev_N": 16
}