{"D:\\m34\\PROJECT\\M34Project\\experiments\\..\\data\\processed\\precond_N32_50sys_50iters_seed42": {"res_mean": 0.0, "res_std": 0.002601233299279809, "err_mean": 0.0, "err_std": 0.028269056917557718}}