{"train_loss": [0.23454940447118133, 0.09028671780833974, 0.08359758502047043, 0.10069188548368402, 0.0656824703910388, 0.0810566197760636, 0.07703584403498098, 0.07795212460041512, 0.1116178608208429, 0.0893629847705597, 0.06563859830203, 0.07510197431838606, 0.07078666482993867, 0.0961110469797859, 0.0807915210025385, 0.0689504676265642, 0.08185079203394707, 0.07658547737810295, 0.07011800563486759, 0.07581004744861275, 0.06275763551093405, 0.0467451083677588, 0.07120372509234585, 0.05342382634989917, 0.062427916054730304, 0.04864131103386171, 0.05499002582655521, 0.06064314646937419, 0.09135686937952414, 0.06600312437512912, 0.05120145688124467, 0.0367938767594751, 0.04797674244036898, 0.05959080571483355, 0.07317997043719515, 0.060505707711854484, 0.06581166553951334, 0.05317413814191241, 0.040440609300276265, 0.04323675524210557, 0.04049634652619716, 0.053773993684444577, 0.04791292597656138, 0.07104316662298515, 0.06460429760045372, 0.04303131932101678, 0.03959265873709228, 0.04552438954124227, 0.03789992579550017], "val_loss": [0.23713983688503504, 0.02957078698091209, 0.00735950272064656, 0.0331682387040928, 0.15602413099259138, 0.10267711337655783, 0.01826087071094662, 0.1358716320246458, 0.028702997602522373, 0.017581354593858123, 0.024426076328381896, 0.026310066459700465, 0.010586567223072052, 0.0770470630377531, 0.02845307078678161, 0.013222412788309157, 0.010241437063086778, 0.0435350751504302, 0.004006323200883344, 0.044438224635086954, 0.007840522390324622, 0.025381742045283318, 0.09425006620585918, 0.019286359543912113, 0.011512081022374332, 0.009899191616568714, 0.010279261041432619, 0.01766292005777359, 0.004816828761249781, 0.0053129643201828, 0.028766731498762965, 0.010043301968835294, 0.00872461631661281, 0.009084530756808817, 0.018534084199927747, 0.022435733233578503, 0.03110160306096077, 0.0073159473249688745, 0.0049719493254087865, 0.006661300489213318, 0.009441887610591948, 0.007263829582370818, 0.006432347814552486, 0.023947365814819932, 0.026673327898606658, 0.005801209190394729, 0.005356280133128166, 0.009491503122262657, 0.019589423085562885], "lr": [0.001, 0.001, 0.001, 0.001, 0.001, 0.001, 0.001, 0.001, 0.001, 0.0005, 0.0005, 0.0005, 0.0005, 0.0005, 0.0005, 0.00025, 0.00025, 0.00025, 0.00025, 0.00025, 0.00025, 0.00025, 0.00025, 0.00025, 0.00025, 0.000125, 0.000125, 0.000125, 0.000125, 0.000125, 0.000125, 6.25e-05, 6.25e-05, 6.25e-05, 6.25e-05, 6.25e-05, 6.25e-05, 3.125e-05, 3.125e-05, 3.125e-05, 3.125e-05, 3.125e-05, 3.125e-05, 1.5625e-05, 1.5625e-05, 1.5625e-05, 1.5625e-05, 1.5625e-05, 1.5625e-05]}