{
  "N": 128,
  "dim": 2,
  "epochs": 50,
  "steps": 100,
  "lr": 0.0003,
  "is_scratch": false,
  "probes": 64,
  "best_loss": 2.4641460299491884,
  "training_time_s": 788.6785178184509,
  "prev_N": 64
}