{
  "N16": {
    "Case 1": {
      "mean_iters": 40.6,
      "std_iters": 1.0583005244258363,
      "mean_time": 0.00034032800002023575,
      "mean_error": 3.995358509711268e-08,
      "reduction_pct": 0.0
    },
    "Case 2": {
      "mean_iters": 43.58,
      "std_iters": 0.6029925372672534,
      "mean_time": 0.00038540600005944727,
      "mean_error": 3.5465165514908255e-08,
      "reduction_pct": -7.3399014778325
    },
    "Case 3": {
      "mean_iters": 40.6,
      "std_iters": 1.0583005244258363,
      "mean_time": 0.0003851600000416511,
      "mean_error": 3.995358509711268e-08,
      "reduction_pct": 0.0
    },
    "Case 4": {
      "mean_iters": 15.72,
      "std_iters": 0.4915282290977803,
      "mean_time": 0.008031364000089525,
      "mean_error": 3.672817893161957e-08,
      "reduction_pct": 61.28078817733991
    },
    "Case 5": {
      "mean_iters": 16.18,
      "std_iters": 0.5173006862551025,
      "mean_time": 0.008118743999948492,
      "mean_error": 4.8411626700995186e-08,
      "reduction_pct": 60.14778325123154
    },
    "Case 7": {
      "mean_iters": 9.0,
      "std_iters": 0.0,
      "mean_time": 0.022887571999963257,
      "mean_error": 2.293383047941156e-08,
      "reduction_pct": 77.83251231527095
    },
    "Case 8": {
      "mean_iters": 9.04,
      "std_iters": 0.19595917942265423,
      "mean_time": 0.020067094000005455,
      "mean_error": 4.0302232360510186e-08,
      "reduction_pct": 77.73399014778326
    }
  },
  "N32": {
    "Case 1": {
      "mean_iters": 80.58,
      "std_iters": 1.9296631830451654,
      "mean_time": 0.0008719720000226516,
      "mean_error": 3.310291875067516e-08,
      "reduction_pct": 0.0
    },
    "Case 2": {
      "mean_iters": 86.84,
      "std_iters": 1.1377170122662312,
      "mean_time": 0.0009413540000241483,
      "mean_error": 2.9419335438954954e-08,
      "reduction_pct": -7.768677091089615
    },
    "Case 3": {
      "mean_iters": 80.58,
      "std_iters": 1.9296631830451654,
      "mean_time": 0.0009735760001058224,
      "mean_error": 3.310291875067516e-08,
      "reduction_pct": 0.0
    },
    "Case 4": {
      "mean_iters": 28.18,
      "std_iters": 0.7124605252222751,
      "mean_time": 0.015990384000106134,
      "mean_error": 3.7385887938862994e-08,
      "reduction_pct": 65.02854306279472
    },
    "Case 5": {
      "mean_iters": 29.78,
      "std_iters": 0.7291090453423275,
      "mean_time": 0.016856491999897118,
      "mean_error": 3.1925441671556495e-08,
      "reduction_pct": 63.042938694465136
    },
    "Case 7": {
      "mean_iters": 12.74,
      "std_iters": 1.1968291440301744,
      "mean_time": 0.03383585599989601,
      "mean_error": 2.3768707224276148e-08,
      "reduction_pct": 84.18962521717548
    },
    "Case 8": {
      "mean_iters": 11.02,
      "std_iters": 0.42379240200834184,
      "mean_time": 0.028405843999862554,
      "mean_error": 3.716916471680425e-08,
      "reduction_pct": 86.32414991312982
    }
  },
  "N64": {
    "Case 1": {
      "mean_iters": 161.48,
      "std_iters": 4.167685208841954,
      "mean_time": 0.0034328039998217717,
      "mean_error": 2.5566083770604766e-08,
      "reduction_pct": 0.0
    },
    "Case 2": {
      "mean_iters": 175.9,
      "std_iters": 3.5227829907617076,
      "mean_time": 0.0037303379999138997,
      "mean_error": 2.5211154773086414e-08,
      "reduction_pct": -8.929898439435235
    },
    "Case 3": {
      "mean_iters": 161.48,
      "std_iters": 4.167685208841954,
      "mean_time": 0.0038649739998800215,
      "mean_error": 2.5566083770604766e-08,
      "reduction_pct": 0.0
    },
    "Case 4": {
      "mean_iters": 54.04,
      "std_iters": 1.482700239428051,
      "mean_time": 0.049979728000034813,
      "mean_error": 3.0915551703107944e-08,
      "reduction_pct": 66.53455536289323
    },
    "Case 5": {
      "mean_iters": 56.2,
      "std_iters": 2.5059928172283334,
      "mean_time": 0.051825173999968686,
      "mean_error": 5.016194122833327e-08,
      "reduction_pct": 65.19692841218728
    },
    "Case 7": {
      "mean_iters": 27.02,
      "std_iters": 5.591028527918633,
      "mean_time": 0.06080426800006535,
      "mean_error": 1.4460146011768001e-08,
      "reduction_pct": 83.26727768144661
    },
    "Case 8": {
      "mean_iters": 45.36,
      "std_iters": 10.514295031051773,
      "mean_time": 0.09807098000008409,
      "mean_error": 1.2832065245501124e-08,
      "reduction_pct": 71.90983403517464
    }
  }
}