{
  "N": 32,
  "dim": 3,
  "epochs": 100,
  "steps": 100,
  "lr": 0.0003,
  "is_scratch": false,
  "probes": 128,
  "best_loss": 0.21644937857985497,
  "training_time_s": 7767.053468465805,
  "prev_N": 16
}