{
  "N16": {
    "precond_name": "NN-MSE",
    "N": 16,
    "num_samples": 50,
    "cold_iters_mean": 40.6,
    "cold_iters_std": 1.0583005244258363,
    "precond_iters_mean": 1000.0,
    "precond_iters_std": 0.0,
    "iteration_reduction": -23.63054187192118,
    "cold_time_mean": 0.00031458400007977616,
    "precond_time_mean": 2.0795214060000036,
    "speedup": 0.0001512771155767442,
    "mean_error": 0.005958509908415769,
    "max_error": 0.011529104029409588
  },
  "N32": {
    "precond_name": "NN-MSE",
    "N": 32,
    "num_samples": 50,
    "cold_iters_mean": 80.58,
    "cold_iters_std": 1.9296631830451654,
    "precond_iters_mean": 1000.0,
    "precond_iters_std": 0.0,
    "iteration_reduction": -11.410027302060065,
    "cold_time_mean": 0.0008631239999522222,
    "precond_time_mean": 2.138246562000004,
    "speedup": 0.0004036597159987486,
    "mean_error": 0.016060145963019187,
    "max_error": 0.033793131442613505
  },
  "N64": {
    "precond_name": "NN-MSE",
    "N": 64,
    "num_samples": 50,
    "cold_iters_mean": 161.48,
    "cold_iters_std": 4.167685208841954,
    "precond_iters_mean": 1000.0,
    "precond_iters_std": 0.0,
    "iteration_reduction": -5.19271736437949,
    "cold_time_mean": 0.004130296000039379,
    "precond_time_mean": 2.1515010300001087,
    "speedup": 0.001919727642444666,
    "mean_error": 0.028094164494067746,
    "max_error": 0.04404272940878406
  }
}