{"D:\\m34\\PROJECT\\M34Project\\experiments\\..\\data\\processed\\precond_N64_50sys_50iters_seed42": {"res_mean": 0.0, "res_std": 0.0014518058043143153, "err_mean": 0.0, "err_std": 0.03532769785953522}}