{"train_loss": [0.349287292920053, 0.06970004021422938, 0.04940417699981481, 0.0385923033754807, 0.04788278677733615, 0.05120412717224099, 0.042662585197831504, 0.060432395272073336, 0.03990803050692193, 0.04168641001160722, 0.0510723790503107, 0.04055495370994322, 0.04805459066119511, 0.03126965962292161, 0.05558981350623071, 0.048416486533824354, 0.03357071317441296, 0.055463927950768266, 0.039677349290286656, 0.034299047183594666, 0.024289088221848942, 0.01931286141916644, 0.030157327419146895, 0.03728412876807852, 0.06513416950474493, 0.03374829627136933, 0.03751547826686874, 0.03513177821150748, 0.04108478622219991, 0.03700174226833042, 0.037909481645328924, 0.037347800127463415, 0.028766944436938502, 0.0524993766885018, 0.025123896455625072, 0.0365430651436327, 0.043484003443154506, 0.027083227520051878, 0.030756727799598593, 0.020540808167424984, 0.026501753243792336, 0.015787505923071876, 0.03055262294219574, 0.026220939304039348, 0.031510789805906825, 0.015378421470813919, 0.0317178082477767, 0.028830649811425246, 0.014790680223086383, 0.024460174689011183, 0.01964397206029389, 0.017370690919051412, 0.022878145042341202, 0.0308296614093706, 0.0182403563594562, 0.021471811160154175, 0.02732839740201598, 0.025457129180722404, 0.026897164680121932, 0.01918990446574753, 0.019543019458069466, 0.021322359272744507, 0.02111223546671681, 0.021371085327700712, 0.013941331839305349, 0.020994578160753008, 0.017925528052728623, 0.026131218051887117, 0.01501535733405035], "val_loss": [0.60746019333601, 0.06687808921560645, 0.04597805766388774, 0.008632025972474366, 0.047164286486804485, 0.027098225196823478, 0.02938946953509003, 0.08315762877464294, 0.029828293481841683, 0.009830420720390975, 0.020230159629136324, 0.013036531454417855, 0.03828961169347167, 0.027689786278642714, 0.17164163291454315, 0.027619256055913866, 0.03474524221383035, 0.020425536204129457, 0.0054510715417563915, 0.026074291788972914, 0.020228274166584015, 0.006451892666518688, 0.035568593768402934, 0.04000350087881088, 0.050232346169650555, 0.02158932900056243, 0.026927735190838575, 0.00481431424850598, 0.004752438253490254, 0.005149631702806801, 0.004635910852812231, 0.018633398110978305, 0.048453154508024454, 0.030325047904625535, 0.008140525489579886, 0.08488038927316666, 0.011959022260271013, 0.020095414947718382, 0.0042631498945411295, 0.010280841728672385, 0.02276587998494506, 0.00829863193212077, 0.012218849151395261, 0.013190318597480655, 0.04391832510009408, 0.009186475072056055, 0.0219926037825644, 0.006556262698723003, 0.009244232845958322, 0.007146857329644263, 0.006493621127447113, 0.012959467363543808, 0.009598445263691247, 0.008916283608414233, 0.0048981611034832895, 0.009034557559061795, 0.02516438183374703, 0.012616690655704588, 0.011666642094496638, 0.01180130970897153, 0.007167089148424566, 0.01058908470440656, 0.009883003425784409, 0.017709254869259894, 0.008027711999602616, 0.017448598111514002, 0.01799248217139393, 0.010969386086799204, 0.0076960451260674745], "lr": [0.001, 0.001, 0.001, 0.001, 0.001, 0.001, 0.001, 0.001, 0.001, 0.001, 0.0005, 0.0005, 0.0005, 0.0005, 0.0005, 0.0005, 0.00025, 0.00025, 0.00025, 0.00025, 0.00025, 0.00025, 0.00025, 0.00025, 0.00025, 0.000125, 0.000125, 0.000125, 0.000125, 0.000125, 0.000125, 0.000125, 0.000125, 0.000125, 0.000125, 0.000125, 0.000125, 6.25e-05, 6.25e-05, 6.25e-05, 6.25e-05, 6.25e-05, 6.25e-05, 6.25e-05, 6.25e-05, 3.125e-05, 3.125e-05, 3.125e-05, 3.125e-05, 3.125e-05, 3.125e-05, 1.5625e-05, 1.5625e-05, 1.5625e-05, 1.5625e-05, 1.5625e-05, 1.5625e-05, 7.8125e-06, 7.8125e-06, 7.8125e-06, 7.8125e-06, 7.8125e-06, 7.8125e-06, 3.90625e-06, 3.90625e-06, 3.90625e-06, 3.90625e-06, 3.90625e-06, 3.90625e-06]}